name;extension;url;fichas;periodico
cl_area;xml;https://datos.canarias.es/api/estadisticas/structural-resources/v1.0/codelists/ISTAC/CL_AREA_ES70_COMARCAS/01.000/codes;demografia paro_registrado afiliacion_residencia afiliacion_cotizacion presupuestos alojamientos_turisticos perfil_turista gastos_medios_turista gastos_medios_turista_dia europeas congreso senado autonomicas cabildo municipales parque_vehiculos sector_primario;0
mapa;json;https://datos.canarias.es/catalogos/estadisticas/dataset/6dd8baf4-14f4-43a3-88b2-984d034c965c/resource/812f22ae-62a5-4cea-8052-b0269b1bd491/download/municipios_20170101.json;demografia paro_registrado afiliacion_residencia afiliacion_cotizacion presupuestos alojamientos_turisticos perfil_turista gastos_medios_turista gastos_medios_turista_dia parque_vehiculos sector_primario;0
mapa_2007;json;https://datos.canarias.es/catalogos/estadisticas/dataset/03f5044c-6d40-4c09-84db-eaf9d6681b48/resource/d765c56b-a67d-46e2-800e-5c9a1e9138f0/download/municipios_20170101_antes2007.json;demografia ;0
dist_mun;json;https://datos.canarias.es/api/estadisticas/indicators/v1.0/indicators/POBLACION;demografia paro_registrado afiliacion_residencia afiliacion_cotizacion presupuestos alojamientos_turisticos perfil_turista gastos_medios_turista gastos_medios_turista_dia europeas congreso senado autonomicas cabildo municipales parque_vehiculos sector_primario;0
habitantes;json;https://datos.canarias.es/api/estadisticas/indicators/v1.0/indicators/POBLACION/data?representation=MEASURE%5BABSOLUTE%7CANNUAL_PERCENTAGE_RATE%7CANNUAL_PUNTUAL_RATE%5D&granularity=GEOGRAPHICAL%5BMUNICIPALITIES%5D;demografia ;0
piramide;json;http://www.gobiernodecanarias.org/istac/jaxi-istac/tabla.do?accion=jsonMtd&uuidConsulta=d619ecaa-319c-4d29-a789-b7708fbaf3be;demografia ;0
edad_media;json;https://datos.canarias.es/api/estadisticas/indicators/v1.0/indicators/POBLACION_EDAD_MEDIA/data?representation=MEASURE%5BABSOLUTE%5D&granularity=GEOGRAPHICAL%5BMUNICIPALITIES%5D;demografia ;0
nacimientos;json;https://datos.canarias.es/api/estadisticas/indicators/v1.0/indicators/NACIMIENTOS/data?representation=MEASURE%5BABSOLUTE%5D&granularity=GEOGRAPHICAL%5BMUNICIPALITIES%5D/data?representation=GEOGRAPHICAL%2CTIME%2CMEASURE%5BABSOLUTE%5D;demografia ;0
mortalidad;json;https://datos.canarias.es/api/estadisticas/indicators/v1.0/indicators/TASA_MORTALIDAD/data?representation=MEASURE%5BABSOLUTE%5D&granularity=GEOGRAPHICAL%5BMUNICIPALITIES%5D/data?representation=GEOGRAPHICAL%2CTIME%2CMEASURE%5BABSOLUTE%5D;demografia ;0
crec_veg;json;http://www.gobiernodecanarias.org/istac/jaxi-istac/tabla.do?accion=jsonMtd&uuidConsulta=5012a489-2ef4-4ff2-b1bf-ebf6e4c5f2d2;demografia ;1
dependencia;json;http://www.gobiernodecanarias.org/istac/jaxi-istac/tabla.do?accion=jsonMtd&uuidConsulta=7dcb25e5-f533-4ba1-a6aa-70fe8fc69db7;demografia ;1
emd_mujer; json;https://datos.canarias.es/api/estadisticas/indicators/v1.0/indicators/DEFUNCIONES_EDAD_MEDIA_MUJERES/data?representation=MEASURE%5BABSOLUTE%5D&granularity=GEOGRAPHICAL%5BMUNICIPALITIES%5D;demografia ;0
emd_hombre;json;https://datos.canarias.es/api/estadisticas/indicators/v1.0/indicators/DEFUNCIONES_EDAD_MEDIA_HOMBRES/data?representation=MEASURE%5BABSOLUTE%5D&granularity=GEOGRAPHICAL%5BMUNICIPALITIES%5D;demografia ;0
lugar;json;http://www.gobiernodecanarias.org/istac/jaxi-istac/tabla.do?accion=jsonMtd&uuidConsulta=f0c5c903-5648-4822-80be-8da4d3927b98;demografia ;0
nacionalidad;json;http://www.gobiernodecanarias.org/istac/jaxi-istac/tabla.do?accion=jsonMtd&uuidConsulta=3a0df911-8098-4b6b-8002-bbfffa892cbc;demografia ;0
parados;json;https://datos.canarias.es/api/estadisticas/statistical-resources/v1.0/datasets/ISTAC/E59021A_000008/~latest.json?&lang=es;paro_registrado ;1
paro_se;json;https://datos.canarias.es/api/estadisticas/statistical-resources/v1.0/datasets/ISTAC/E59021A_000009/~latest.json?dim=SEXO:M|F:TERRITORIO:ES70|35004|35010|35018|35024|35028|35029|35034|35003|35007|35014|35015|35017|35030|35001|35002|35005|35006|35008|35009|35011|35012|35013|35016|35019|35020|35021|35022|35023|35025|35026|35027|35031|35032|35033|38001|38004|38005|38006|38010|38011|38012|38015|38017|38018|38019|38020|38022|38023|38025|38026|38028|38031|38032|38034|38035|38038|38039|38040|38041|38042|38043|38044|38046|38051|38052|38002|38003|38021|38036|38049|38050|38007|38008|38009|38014|38016|38024|38027|38029|38030|38033|38037|38045|38047|38053|38013_2007|38048|38901:ACTIVIDAD_ECONOMICA:A4_01|A4_02|A4_03|A21_07|A21_09|A4_04_O&lang=es;paro_registrado ;1
paro_sexo_est;json;https://datos.canarias.es/api/estadisticas/statistical-resources/v1.0/datasets/ISTAC/E59021A_000013/~latest.json?dim=SEXO:_T:TERRITORIO:35004|35010|35018|35024|35028|35029|35034|35003|35007|35014|35015|35017|35030|35001|35002|35005|35006|35008|35009|35011|35012|35013|35016|35019|35020|35021|35022|35023|35025|35026|35027|35031|35032|35033|38001|38004|38005|38006|38010|38011|38012|38015|38017|38018|38019|38020|38022|38023|38025|38026|38028|38031|38032|38034|38035|38038|38039|38040|38041|38042|38043|38044|38046|38051|38052|38002|38003|38021|38036|38049|38050|38007|38008|38009|38014|38016|38024|38027|38029|38030|38033|38037|38045|38047|38053|38013_2007|38048|38901:NIVEL_EDUCACION:80|B|_S1|_S4&lang=es;paro_registrado ;0
afil_r;json;http://www.gobiernodecanarias.org/istac/jaxi-istac/tabla.do?accion=jsonMtd&uuidConsulta=ffd9beb1-b9f0-477c-9a44-480397986f84;afiliacion_residencia ;1
afil_ae_r;json;http://www.gobiernodecanarias.org/istac/jaxi-istac/tabla.do?accion=jsonMtd&uuidConsulta=d1b462a5-c6c6-4469-bf81-0fde7f2b887a;afiliacion_residencia ;1
piramide_r;json;http://www.gobiernodecanarias.org/istac/jaxi-istac/tabla.do?accion=jsonMtd&uuidConsulta=eb719ad5-ab9e-4591-9cdc-8f7628df9beb;afiliacion_residencia ;0
afil_c;json;http://www.gobiernodecanarias.org/istac/jaxi-istac/tabla.do?accion=jsonMtd&uuidConsulta=aa1065d6-8f06-4c42-9ff0-cabef570fa78;afiliacion_cotizacion ;1
afil_ae_c;json;http://www.gobiernodecanarias.org/istac/jaxi-istac/tabla.do?accion=jsonMtd&uuidConsulta=3a59bb24-1073-4c2f-8a08-88535adc7326;afiliacion_cotizacion ;1
piramide_c;json;http://www.gobiernodecanarias.org/istac/jaxi-istac/tabla.do?accion=jsonMtd&uuidConsulta=a8f8a59d-7ea1-4b0a-8ee6-14222af60963;afiliacion_cotizacion ;0
presupuesto_1;json;https://datos.canarias.es/api/estadisticas/statistical-resources/v1.0/datasets/ISTAC/E31025B_000001/~latest.json?dim=MEDIDAS:IMPORTE_PRESUPUESTARIO:PRESUPUESTO_ESTADO:PRESUPUESTO_EJECUTADO:PRESUPUESTO_PARTIDA:INGRESOS:TERRITORIO:35004|35010|35018|35024|35028|35029|35034|35003|35007|35014|35015|35017|35030|35001|35002|35005|35006|35008|35009|35011|35012|35013|35016|35019|35020|35021|35022|35023|35025|35026|35027|35031|35032|35033|38001|38004|38005|38006|38010|38011|38012|38015|38017|38018|38019|38020|38022|38023|38025|38026|38028|38031|38032|38034|38035|38038|38039|38040|38041|38042|38043|38044|38046|38051|38052|38002|38003|38021|38036|38049|38050|38007|38008|38009|38014|38016|38024|38027|38029|38030|38033|38037|38045|38047|38053|38013_1912|38013_2007|38048|38901&lang=es;presupuestos ;0
presupuesto_1_inicial;json;https://datos.canarias.es/api/estadisticas/statistical-resources/v1.0/datasets/ISTAC/E31025B_000001/~latest.json?dim=MEDIDAS:IMPORTE_PRESUPUESTARIO:PRESUPUESTO_ESTADO:PRESUPUESTO_INICIAL:PRESUPUESTO_PARTIDA:INGRESOS:TERRITORIO:35004|35010|35018|35024|35028|35029|35034|35003|35007|35014|35015|35017|35030|35001|35002|35005|35006|35008|35009|35011|35012|35013|35016|35019|35020|35021|35022|35023|35025|35026|35027|35031|35032|35033|38001|38004|38005|38006|38010|38011|38012|38015|38017|38018|38019|38020|38022|38023|38025|38026|38028|38031|38032|38034|38035|38038|38039|38040|38041|38042|38043|38044|38046|38051|38052|38002|38003|38021|38036|38049|38050|38007|38008|38009|38014|38016|38024|38027|38029|38030|38033|38037|38045|38047|38053|38013_1912|38013_2007|38048|38901&lang=es;presupuestos ;0
ingresos_p;json;https://datos.canarias.es/api/estadisticas/indicators/v1.0/indicators/PRESUPUESTO_AYUNTAMIENTOS_LIQUIDADO_INGRESO_HABITANTE/data?representation=MEASURE%5BABSOLUTE%5D;presupuestos ;0
gastos;json;https://datos.canarias.es/api/estadisticas/indicators/v1.0/indicators/PRESUPUESTO_AYUNTAMIENTOS_LIQUIDADO_GASTO_HABITANTE/data?representation=MEASURE%5BABSOLUTE%5D;presupuestos ;0
presupuesto_2;json;https://datos.canarias.es/api/estadisticas/statistical-resources/v1.0/datasets/ISTAC/E31025B_000002/~latest.json?dim=TERRITORIO:35004|35010|35018|35024|35028|35029|35034|35003|35007|35014|35015|35017|35030|35001|35002|35005|35006|35008|35009|35011|35012|35013|35016|35019|35020|35021|35022|35023|35025|35026|35027|35031|35032|35033|38001|38004|38005|38006|38010|38011|38012|38015|38017|38018|38019|38020|38022|38023|38025|38026|38028|38031|38032|38034|38035|38038|38039|38040|38041|38042|38043|38044|38046|38051|38052|38002|38003|38021|38036|38049|38050|38007|38008|38009|38014|38016|38024|38027|38029|38030|38033|38037|38045|38047|38053|38013_2007|38048|38901:PRESUPUESTO_ESTADO:PRESUPUESTO_EJECUTADO:MEDIDAS:IMPORTE_PRESUPUESTARIO:PRESUPUESTO_PARTIDA:GASTOS:PRESUPUESTO_PROGRAMA_GASTOS:0|1|2|3|4|9&lang=es;presupuestos ;1
presupuesto_3;json;https://datos.canarias.es/api/estadisticas/statistical-resources/v1.0/datasets/ISTAC/E31025B_000003/~latest.json?dim=TERRITORIO:35004|35010|35018|35024|35028|35029|35034|35003|35007|35014|35015|35017|35030|35001|35002|35005|35006|35008|35009|35011|35012|35013|35016|35019|35020|35021|35022|35023|35025|35026|35027|35031|35032|35033|38001|38004|38005|38006|38010|38011|38012|38015|38017|38018|38019|38020|38022|38023|38025|38026|38028|38031|38032|38034|38035|38038|38039|38040|38041|38042|38043|38044|38046|38051|38052|38002|38003|38021|38036|38049|38050|38007|38008|38009|38014|38016|38024|38027|38029|38030|38033|38037|38045|38047|38053|38013_1912|38013_2007|38048|38901:MEDIDAS:AHORRO_BRUTO|AHORRO_BRUTO_PORCENTAJE|AHORRO_NETO|AHORRO_NETO_PORCENTAJE|CARGA_FINANCIERA|CARGA_FINANCIERA_PORCENTAJE&lang=es;presupuestos ;1
viajeros_lugar;json;https://datos.canarias.es/api/estadisticas/statistical-resources/v1.0/datasets/ISTAC/C00065A_000036/~latest.json?dim=MEDIDAS:ESTANCIA_MEDIA|VIAJEROS_ALOJADOS:TERRITORIO:ES70|ES708|35004|35010|35024|35028|35034|ES704|35003|35014|35015|35017|35030|ES705|35012|35016|35019|ES709|38001|38006|38017|38019|38023|38028|38035|38038|38040|ES706|38003|38036|38049|38050|ES707|38009|38014|38024|38027|38037|38045|ES703|38013_2007|38048|38901&lang=es;alojamientos_turisticos;1
tasa_ocupacion;json;https://datos.canarias.es/api/estadisticas/indicators/v1.0/indicators/ALOJATUR_PLAZAS_OCUPACION/data?representation=MEASURE%5BABSOLUTE%5D&granularity=GEOGRAPHICAL%5BMUNICIPALITIES%5D%2CTIME%5BMONTHLY%5D;alojamientos_turisticos;1
ADR;json;https://datos.canarias.es/api/estadisticas/indicators/v1.0/indicators/ALOJATUR_TARIFA_ADR/data?representation=MEASURE%5BABSOLUTE%5D&granularity=GEOGRAPHICAL%5BMUNICIPALITIES%5D%2CTIME%5BMONTHLY%5D;alojamientos_turisticos;0
aloj_isla;json;https://datos.canarias.es/api/estadisticas/statistical-resources/v1.0/datasets/ISTAC/C00065A_000037/~latest.json?dim=MEDIDAS:VIAJEROS_ALOJADOS:TERRITORIO:ES70|35004|35010|35024|35028|35034|35003|35014|35015|35017|35030|35012|35016|35019|38001|38006|38017|38019|38023|38028|38035|38038|38040|38003|38036|38049|38050|38009|38014|38024|38027|38037|38045|38013_2007|38048|38901&lang=es;alojamientos_turisticos;0
hotel;json;https://datos.canarias.es/api/estadisticas/statistical-resources/v1.0/datasets/ISTAC/C00065A_000001/~latest.json?dim=TERRITORIO:35004|35024|35028|35034|35003|35014|35015|35017|35030|35012|35016|35019|38001|38006|38017|38019|38023|38028|38035|38038|38040|38036|38049|38050|38009|38014|38024|38037|38013_2007|38048:MEDIDAS:ESTABLECIMIENTOS|HABITACIONES|PLAZAS:ALOJAMIENTO_TURISTICO_CATEGORIA:_T&lang=es;alojamientos_turisticos;0
extrahoteleros;json;https://datos.canarias.es/api/estadisticas/statistical-resources/v1.0/datasets/ISTAC/C00065A_000002/~latest.json?dim=TERRITORIO:35010|35024|35028|35034|35003|35014|35015|35012|35016|35019|38001|38006|38017|38028|38035|38040|38003|38036|38049|38009|38014|38024|38027|38037|38045|38013_2007|38048|38901:MEDIDAS:ESTABLECIMIENTOS|HABITACIONES|PLAZAS:ALOJAMIENTO_TURISTICO_CATEGORIA:_T&lang=es;alojamientos_turisticos;0
turistas;json;http://www.gobiernodecanarias.org/istac/jaxi-istac/tabla.do?accion=jsonMtd&uuidConsulta=1b5cca0a-e5b4-4380-b2fe-41cfa0ab55a6;perfil_turista;1
estancia;json;http://www.gobiernodecanarias.org/istac/jaxi-istac/tabla.do?accion=jsonMtd&uuidConsulta=367e2066-b73c-4ce7-beac-89350e1971c2;perfil_turista;1
sl_aloj;json;http://www.gobiernodecanarias.org/istac/jaxi-istac/tabla.do?accion=jsonMtd&uuidConsulta=9b2e3158-2035-447e-9156-2825a6a999e4;perfil_turista;0
educacion;json;http://www.gobiernodecanarias.org/istac/jaxi-istac/tabla.do?accion=jsonMtd&uuidConsulta=01946875-8fb5-4cc6-a1ed-0f6ebd135030;perfil_turista;0
ingresos_t;json;http://www.gobiernodecanarias.org/istac/jaxi-istac/tabla.do?accion=jsonMtd&uuidConsulta=75e76f79-d3c1-433b-b3ac-0bafe7a19f04;perfil_turista;0
motivacion;json;http://www.gobiernodecanarias.org/istac/jaxi-istac/tabla.do?accion=jsonMtd&uuidConsulta=850cd29b-039e-4a55-9588-8f827c4f8333;perfil_turista;0
proposito;json;http://www.gobiernodecanarias.org/istac/jaxi-istac/tabla.do?accion=jsonMtd&uuidConsulta=3f1290db-cfcd-4728-b040-2ee149e3bce5;perfil_turista;0
GM_sexo_edad;json;http://www.gobiernodecanarias.org/istac/jaxi-istac/tabla.do?accion=jsonMtd&uuidConsulta=948e02fd-4d75-4a06-9d40-48acd5fd4556;gastos_medios_turista gastos_medios_turista_dia;1
GM_sl;json;http://www.gobiernodecanarias.org/istac/jaxi-istac/tabla.do?accion=jsonMtd&uuidConsulta=42f1c94f-5732-4e38-9583-39258ff8f5bf;gastos_medios_turista gastos_medios_turista_dia;1
GM_ni;json;http://www.gobiernodecanarias.org/istac/jaxi-istac/tabla.do?accion=jsonMtd&uuidConsulta=b8a748fa-26de-46da-a276-5d4a2e97d740;gastos_medios_turista gastos_medios_turista_dia;0
GM_ne;json;http://www.gobiernodecanarias.org/istac/jaxi-istac/tabla.do?accion=jsonMtd&uuidConsulta=ac3a3368-b6b5-4c63-aa23-19ed2261ed1d;gastos_medios_turista gastos_medios_turista_dia;0
GM_ta;json;http://www.gobiernodecanarias.org/istac/jaxi-istac/tabla.do?accion=jsonMtd&uuidConsulta=9ea1e03b-3ce2-404e-b289-e7d6d7894575;gastos_medios_turista gastos_medios_turista_dia;0
GM_np;json;http://www.gobiernodecanarias.org/istac/jaxi-istac/tabla.do?accion=jsonMtd&uuidConsulta=a6a6170b-1ac2-4393-a1d7-6ba04452c333;gastos_medios_turista gastos_medios_turista_dia;0
GM_pt;json;http://www.gobiernodecanarias.org/istac/jaxi-istac/tabla.do?accion=jsonMtd&uuidConsulta=70840a10-9dc8-409e-bf67-1099f6629093;gastos_medios_turista gastos_medios_turista_dia;0
GM_pais;json;http://www.gobiernodecanarias.org/istac/jaxi-istac/tabla.do?accion=jsonMtd&uuidConsulta=7f56ab7b-ac57-4e2d-9b8a-02fa434cfbd6;gastos_medios_turista gastos_medios_turista_dia;0
parlamento_europeo_2019;json;https://datos.canarias.es/api/estadisticas/statistical-resources/v1.0/datasets/ISTAC/C00010A_000028/~latest.json?dim=TERRITORIO:ES70|35004|35010|35018|35024|35028|35029|35034|35003|35007|35014|35015|35017|35030|35001|35002|35005|35006|35008|35009|35011|35012|35013|35016|35019|35020|35021|35022|35023|35025|35026|35027|35031|35032|35033|38001|38004|38005|38006|38010|38011|38012|38015|38017|38018|38019|38020|38022|38023|38025|38026|38028|38031|38032|38034|38035|38038|38039|38040|38041|38042|38043|38044|38046|38051|38052|38002|38003|38021|38036|38049|38050|38007|38008|38009|38014|38016|38024|38027|38029|38030|38033|38037|38045|38047|38053|38013_2007|38048|38901&lang=es;europeas;0
parlamento_europeo_2014;json;https://datos.canarias.es/api/estadisticas/statistical-resources/v1.0/datasets/ISTAC/C00010A_000014/~latest.json?dim=TERRITORIO:ES70|35003|35007|35014|35015|35017|35030|35001|35002|35005|35006|35008|35009|35011|35012|35013|35016|35019|35020|35021|35022|35023|35025|35026|35027|35031|35032|35033|35004|35010|35018|35024|35028|35029|35034|38013|38048|38901|38002|38003|38021|38036|38049|38050|38007|38008|38009|38014|38016|38024|38027|38029|38030|38033|38037|38045|38047|38053|38001|38004|38005|38006|38010|38011|38012|38015|38017|38018|38019|38020|38022|38023|38025|38026|38028|38031|38032|38034|38035|38038|38039|38040|38041|38042|38043|38044|38046|38051|38052&lang=es;europeas;0
parlamento_europeo_2009;json;https://datos.canarias.es/api/estadisticas/statistical-resources/v1.0/datasets/ISTAC/C00010A_000008/~latest.json?dim=TERRITORIO:ES70|35003|35007|35014|35015|35017|35030|35001|35002|35005|35006|35008|35009|35011|35012|35013|35016|35019|35020|35021|35022|35023|35025|35026|35027|35031|35032|35033|35004|35010|35018|35024|35028|35029|35034|38013|38048|38901|38002|38003|38021|38036|38049|38050|38007|38008|38009|38014|38016|38024|38027|38029|38030|38033|38037|38045|38047|38053|38001|38004|38005|38006|38010|38011|38012|38015|38017|38018|38019|38020|38022|38023|38025|38026|38028|38031|38032|38034|38035|38038|38039|38040|38041|38042|38043|38044|38046|38051|38052&lang=es;europeas;0
parlamento_europeo_2004;json;https://datos.canarias.es/api/estadisticas/statistical-resources/v1.0/datasets/ISTAC/C00010A_000024/~latest.json?dim=TERRITORIO:ES70|35003|35007|35014|35015|35017|35030|35001|35002|35005|35006|35008|35009|35011|35012|35013|35016|35019|35020|35021|35022|35023|35025|35026|35027|35031|35032|35033|35004|35010|35018|35024|35028|35029|35034|38013|38048|38002|38003|38021|38036|38049|38050|38007|38008|38009|38014|38016|38024|38027|38029|38030|38033|38037|38045|38047|38053|38001|38004|38005|38006|38010|38011|38012|38015|38017|38018|38019|38020|38022|38023|38025|38026|38028|38031|38032|38034|38035|38038|38039|38040|38041|38042|38043|38044|38046|38051|38052&lang=es;europeas;0
congreso_2019n;json;https://datos.canarias.es/api/estadisticas/statistical-resources/v1.0/datasets/ISTAC/C00010A_000035/~latest.json?dim=MEDIDAS:VOTOS_VALIDOS_CANDIDATURA|RATIO_VOTOS_CANDIDATURA:TERRITORIO:ES701|35004|35010|35018|35024|35028|35029|35034|35003|35007|35014|35015|35017|35030|35001|35002|35005|35006|35008|35009|35011|35012|35013|35016|35019|35020|35021|35022|35023|35025|35026|35027|35031|35032|35033|ES702|38001|38004|38005|38006|38010|38011|38012|38015|38017|38018|38019|38020|38022|38023|38025|38026|38028|38031|38032|38034|38035|38038|38039|38040|38041|38042|38043|38044|38046|38051|38052|38002|38003|38021|38036|38049|38050|38007|38008|38009|38014|38016|38024|38027|38029|38030|38033|38037|38045|38047|38053|38013_2007|38048|38901&lang=es;congreso;0
congreso_2019a;json;https://datos.canarias.es/api/estadisticas/statistical-resources/v1.0/datasets/ISTAC/C00010A_000034/~latest.json?dim=MEDIDAS:VOTOS_VALIDOS_CANDIDATURA|RATIO_VOTOS_CANDIDATURA:TERRITORIO:ES701|35003|35007|35014|35015|35017|35030|35001|35002|35005|35006|35008|35009|35011|35012|35013|35016|35019|35020|35021|35022|35023|35025|35026|35027|35031|35032|35033|35004|35010|35018|35024|35028|35029|35034|ES702|38013|38048|38901|38002|38003|38021|38036|38049|38050|38007|38008|38009|38014|38016|38024|38027|38029|38030|38033|38037|38045|38047|38053|38001|38004|38005|38006|38010|38011|38012|38015|38017|38018|38019|38020|38022|38023|38025|38026|38028|38031|38032|38034|38035|38038|38039|38040|38041|38042|38043|38044|38046|38051|38052&lang=es;congreso;0
congreso_2016;json;https://datos.canarias.es/api/estadisticas/statistical-resources/v1.0/datasets/ISTAC/C00010A_000009/~latest.json?dim=MEDIDAS:VOTOS_VALIDOS_CANDIDATURA|RATIO_VOTOS_CANDIDATURA:TERRITORIO:ES701|35003|35007|35014|35015|35017|35030|35001|35002|35005|35006|35008|35009|35011|35012|35013|35016|35019|35020|35021|35022|35023|35025|35026|35027|35031|35032|35033|35004|35010|35018|35024|35028|35029|35034|ES702|38013|38048|38901|38002|38003|38021|38036|38049|38050|38007|38008|38009|38014|38016|38024|38027|38029|38030|38033|38037|38045|38047|38053|38001|38004|38005|38006|38010|38011|38012|38015|38017|38018|38019|38020|38022|38023|38025|38026|38028|38031|38032|38034|38035|38038|38039|38040|38041|38042|38043|38044|38046|38051|38052&lang=es;congreso;0
congreso_2015;json;https://datos.canarias.es/api/estadisticas/statistical-resources/v1.0/datasets/ISTAC/C00010A_000007/~latest.json?dim=MEDIDAS:VOTOS_VALIDOS_CANDIDATURA|RATIO_VOTOS_CANDIDATURA:TERRITORIO:ES701|35003|35007|35014|35015|35017|35030|35001|35002|35005|35006|35008|35009|35011|35012|35013|35016|35019|35020|35021|35022|35023|35025|35026|35027|35031|35032|35033|35004|35010|35018|35024|35028|35029|35034|ES702|38013|38048|38901|38002|38003|38021|38036|38049|38050|38007|38008|38009|38014|38016|38024|38027|38029|38030|38033|38037|38045|38047|38053|38001|38004|38005|38006|38010|38011|38012|38015|38017|38018|38019|38020|38022|38023|38025|38026|38028|38031|38032|38034|38035|38038|38039|38040|38041|38042|38043|38044|38046|38051|38052&lang=es;congreso;0
congreso_2011;json;https://datos.canarias.es/api/estadisticas/statistical-resources/v1.0/datasets/ISTAC/C00010A_000002/~latest.json?dim=INDICADORES:VOTOS_VALIDOS_CANDIDATURA|RATIO_VOTOS_CANDIDATURA:TERRITORIO:ES701|35003|35007|35014|35015|35017|35030|35001|35002|35005|35006|35008|35009|35011|35012|35013|35016|35019|35020|35021|35022|35023|35025|35026|35027|35031|35032|35033|35004|35010|35018|35024|35028|35029|35034|ES702|38013|38048|38901|38002|38003|38021|38036|38049|38050|38007|38008|38009|38014|38016|38024|38027|38029|38030|38033|38037|38045|38047|38053|38001|38004|38005|38006|38010|38011|38012|38015|38017|38018|38019|38020|38022|38023|38025|38026|38028|38031|38032|38034|38035|38038|38039|38040|38041|38042|38043|38044|38046|38051|38052&lang=es;congreso;0
congreso_2008;json;https://datos.canarias.es/api/estadisticas/statistical-resources/v1.0/datasets/ISTAC/C00010A_000016/~latest.json?dim=TERRITORIO:ES701|35003|35007|35014|35015|35017|35030|35001|35002|35005|35006|35008|35009|35011|35012|35013|35016|35019|35020|35021|35022|35023|35025|35026|35027|35031|35032|35033|35004|35010|35018|35024|35028|35029|35034|ES702|38013|38048|38901|38002|38003|38021|38036|38049|38050|38007|38008|38009|38014|38016|38024|38027|38029|38030|38033|38037|38045|38047|38053|38001|38004|38005|38006|38010|38011|38012|38015|38017|38018|38019|38020|38022|38023|38025|38026|38028|38031|38032|38034|38035|38038|38039|38040|38041|38042|38043|38044|38046|38051|38052:MEDIDAS:VOTOS_VALIDOS_CANDIDATURA|RATIO_VOTOS_CANDIDATURA&lang=es;congreso;0
congreso_2004;json;https://datos.canarias.es/api/estadisticas/statistical-resources/v1.0/datasets/ISTAC/C00010A_000017/~latest.json?dim=MEDIDAS:VOTOS_VALIDOS_CANDIDATURA|RATIO_VOTOS_CANDIDATURA:TERRITORIO:ES701|35003|35007|35014|35015|35017|35030|35001|35002|35005|35006|35008|35009|35011|35012|35013|35016|35019|35020|35021|35022|35023|35025|35026|35027|35031|35032|35033|35004|35010|35018|35024|35028|35029|35034|ES702|38013|38048|38002|38003|38021|38036|38049|38050|38007|38008|38009|38014|38016|38024|38027|38029|38030|38033|38037|38045|38047|38053|38001|38004|38005|38006|38010|38011|38012|38015|38017|38018|38019|38020|38022|38023|38025|38026|38028|38031|38032|38034|38035|38038|38039|38040|38041|38042|38043|38044|38046|38051|38052&lang=es;congreso;0
congreso_2000;json;https://datos.canarias.es/api/estadisticas/statistical-resources/v1.0/datasets/ISTAC/C00010A_000018/~latest.json?dim=MEDIDAS:VOTOS_VALIDOS_CANDIDATURA|RATIO_VOTOS_CANDIDATURA:TERRITORIO:ES701|35003|35007|35014|35015|35017|35030|35001|35002|35005|35006|35008|35009|35011|35012|35013|35016|35019|35020|35021|35022|35023|35025|35026|35027|35031|35032|35033|35004|35010|35018|35024|35028|35029|35034|ES702|38013|38048|38002|38003|38021|38036|38049|38050|38007|38008|38009|38014|38016|38024|38027|38029|38030|38033|38037|38045|38047|38053|38001|38004|38005|38006|38010|38011|38012|38015|38017|38018|38019|38020|38022|38023|38025|38026|38028|38031|38032|38034|38035|38038|38039|38040|38041|38042|38043|38044|38046|38051|38052&lang=es;congreso;0
senado_2019n;json;https://datos.canarias.es/api/estadisticas/statistical-resources/v1.0/datasets/ISTAC/C00010A_000036/~latest.json?dim=MEDIDAS:VOTOS_VALIDOS_CANDIDATURA|RATIO_VOTOS_CANDIDATURA:TERRITORIO:ES708|35004|35010|35018|35024|35028|35029|35034|ES704|35003|35007|35014|35015|35017|35030|ES705|35001|35002|35005|35006|35008|35009|35011|35012|35013|35016|35019|35020|35021|35022|35023|35025|35026|35027|35031|35032|35033|ES709|38001|38004|38005|38006|38010|38011|38012|38015|38017|38018|38019|38020|38022|38023|38025|38026|38028|38031|38032|38034|38035|38038|38039|38040|38041|38042|38043|38044|38046|38051|38052|ES706|38002|38003|38021|38036|38049|38050|ES707|38007|38008|38009|38014|38016|38024|38027|38029|38030|38033|38037|38045|38047|38053|ES703|38013_2007|38048|38901&lang=es;senado;0
senado_2019a;json;https://datos.canarias.es/api/estadisticas/statistical-resources/v1.0/datasets/ISTAC/C00010A_000027/~latest.json?dim=MEDIDAS:VOTOS_VALIDOS_CANDIDATURA|RATIO_VOTOS_CANDIDATURA:TERRITORIO:ES708|35004|35010|35018|35024|35028|35029|35034|ES704|35003|35007|35014|35015|35017|35030|ES705|35001|35002|35005|35006|35008|35009|35011|35012|35013|35016|35019|35020|35021|35022|35023|35025|35026|35027|35031|35032|35033|ES709|38001|38004|38005|38006|38010|38011|38012|38015|38017|38018|38019|38020|38022|38023|38025|38026|38028|38031|38032|38034|38035|38038|38039|38040|38041|38042|38043|38044|38046|38051|38052|ES706|38002|38003|38021|38036|38049|38050|ES707|38007|38008|38009|38014|38016|38024|38027|38029|38030|38033|38037|38045|38047|38053|ES703|38013_2007|38048|38901&lang=es;senado;0
senado_2016;json;https://datos.canarias.es/api/estadisticas/statistical-resources/v1.0/datasets/ISTAC/C00010A_000011/~latest.json?dim=MEDIDAS:VOTOS_VALIDOS_CANDIDATURA|RATIO_VOTOS_CANDIDATURA:TERRITORIO:ES704|35003|35007|35014|35015|35017|35030|ES705|35001|35002|35005|35006|35008|35009|35011|35012|35013|35016|35019|35020|35021|35022|35023|35025|35026|35027|35031|35032|35033|ES708|35004|35010|35018|35024|35028|35029|35034|ES703|38013|38048|38901|ES706|38002|38003|38021|38036|38049|38050|ES707|38007|38008|38009|38014|38016|38024|38027|38029|38030|38033|38037|38045|38047|38053|ES709|38001|38004|38005|38006|38010|38011|38012|38015|38017|38018|38019|38020|38022|38023|38025|38026|38028|38031|38032|38034|38035|38038|38039|38040|38041|38042|38043|38044|38046|38051|38052&lang=es;senado;0
senado_2015;json;https://datos.canarias.es/api/estadisticas/statistical-resources/v1.0/datasets/ISTAC/C00010A_000010/~latest.json?dim=TERRITORIO:ES704|35003|35007|35014|35015|35017|35030|ES705|35001|35002|35005|35006|35008|35009|35011|35012|35013|35016|35019|35020|35021|35022|35023|35025|35026|35027|35031|35032|35033|ES708|35004|35010|35018|35024|35028|35029|35034|ES703|38013|38048|38901|ES706|38002|38003|38021|38036|38049|38050|ES707|38007|38008|38009|38014|38016|38024|38027|38029|38030|38033|38037|38045|38047|38053|ES709|38001|38004|38005|38006|38010|38011|38012|38015|38017|38018|38019|38020|38022|38023|38025|38026|38028|38031|38032|38034|38035|38038|38039|38040|38041|38042|38043|38044|38046|38051|38052:MEDIDAS:VOTOS_VALIDOS_CANDIDATURA|RATIO_VOTOS_CANDIDATURA&lang=es;senado;0
senado_2011;json;https://datos.canarias.es/api/estadisticas/statistical-resources/v1.0/datasets/ISTAC/C00010A_000006/~latest.json?dim=TERRITORIO:ES704|35003|35007|35014|35015|35017|35030|ES705|35001|35002|35005|35006|35008|35009|35011|35012|35013|35016|35019|35020|35021|35022|35023|35025|35026|35027|35031|35032|35033|ES708|35004|35010|35018|35024|35028|35029|35034|ES703|38013|38048|38901|ES706|38002|38003|38021|38036|38049|38050|ES707|38007|38008|38009|38014|38016|38024|38027|38029|38030|38033|38037|38045|38047|38053|ES709|38001|38004|38005|38006|38010|38011|38012|38015|38017|38018|38019|38020|38022|38023|38025|38026|38028|38031|38032|38034|38035|38038|38039|38040|38041|38042|38043|38044|38046|38051|38052:MEDIDAS:VOTOS_VALIDOS_CANDIDATURA|RATIO_VOTOS_CANDIDATURA&lang=es;senado;0
senado_2008;json;https://datos.canarias.es/api/estadisticas/statistical-resources/v1.0/datasets/ISTAC/C00010A_000019/~latest.json?dim=MEDIDAS:VOTOS_VALIDOS_CANDIDATURA|RATIO_VOTOS_CANDIDATURA:TERRITORIO:ES704|35003|35007|35014|35015|35017|35030|ES705|35001|35002|35005|35006|35008|35009|35011|35012|35013|35016|35019|35020|35021|35022|35023|35025|35026|35027|35031|35032|35033|ES708|35004|35010|35018|35024|35028|35029|35034|ES703|38013|38048|38901|ES706|38002|38003|38021|38036|38049|38050|ES707|38007|38008|38009|38014|38016|38024|38027|38029|38030|38033|38037|38045|38047|38053|ES709|38001|38004|38005|38006|38010|38011|38012|38015|38017|38018|38019|38020|38022|38023|38025|38026|38028|38031|38032|38034|38035|38038|38039|38040|38041|38042|38043|38044|38046|38051|38052&lang=es;senado;0
senado_2004;json;https://datos.canarias.es/api/estadisticas/statistical-resources/v1.0/datasets/ISTAC/C00010A_000020/~latest.json?dim=MEDIDAS:VOTOS_VALIDOS_CANDIDATURA|RATIO_VOTOS_CANDIDATURA:TERRITORIO:ES704|35003|35007|35014|35015|35017|35030|ES705|35001|35002|35005|35006|35008|35009|35011|35012|35013|35016|35019|35020|35021|35022|35023|35025|35026|35027|35031|35032|35033|ES708|35004|35010|35018|35024|35028|35029|35034|ES703|38013|38048|ES706|38002|38003|38021|38036|38049|38050|ES707|38007|38008|38009|38014|38016|38024|38027|38029|38030|38033|38037|38045|38047|38053|ES709|38001|38004|38005|38006|38010|38011|38012|38015|38017|38018|38019|38020|38022|38023|38025|38026|38028|38031|38032|38034|38035|38038|38039|38040|38041|38042|38043|38044|38046|38051|38052&lang=es;senado;0
senado_2000;json;https://datos.canarias.es/api/estadisticas/statistical-resources/v1.0/datasets/ISTAC/C00010A_000022/~latest.json?dim=MEDIDAS:VOTOS_VALIDOS_CANDIDATURA|RATIO_VOTOS_CANDIDATURA:TERRITORIO:ES704|35003|35007|35014|35015|35017|35030|ES705|35001|35002|35005|35006|35008|35009|35011|35012|35013|35016|35019|35020|35021|35022|35023|35025|35026|35027|35031|35032|35033|ES708|35004|35010|35018|35024|35028|35029|35034|ES703|38013|38048|ES706|38002|38003|38021|38036|38049|38050|ES707|38007|38008|38009|38014|38016|38024|38027|38029|38030|38033|38037|38045|38047|38053|ES709|38001|38004|38005|38006|38010|38011|38012|38015|38017|38018|38019|38020|38022|38023|38025|38026|38028|38031|38032|38034|38035|38038|38039|38040|38041|38042|38043|38044|38046|38051|38052&lang=es;senado;0
autonomicas_2019;json;https://datos.canarias.es/api/estadisticas/statistical-resources/v1.0/datasets/ISTAC/C00010A_000030/~latest.json?dim=TERRITORIO:ES708|35004|35010|35018|35024|35028|35029|35034|ES704|35003|35007|35014|35015|35017|35030|ES705|35001|35002|35005|35006|35008|35009|35011|35012|35013|35016|35019|35020|35021|35022|35023|35025|35026|35027|35031|35032|35033|ES709|38001|38004|38005|38006|38010|38011|38012|38015|38017|38018|38019|38020|38022|38023|38025|38026|38028|38031|38032|38034|38035|38038|38039|38040|38041|38042|38043|38044|38046|38051|38052|ES706|38002|38003|38021|38036|38049|38050|ES707|38007|38008|38009|38014|38016|38024|38027|38029|38030|38033|38037|38045|38047|38053|ES703|38013_2007|38048|38901:MEDIDAS:VOTOS_VALIDOS_CANDIDATURA|RATIO_VOTOS_CANDIDATURA&lang=es;autonomicas;0
autonomicas_2015;json;https://datos.canarias.es/api/estadisticas/statistical-resources/v1.0/datasets/ISTAC/C00010A_000013/~latest.json?dim=MEDIDAS:VOTOS_VALIDOS_CANDIDATURA|RATIO_VOTOS_CANDIDATURA:TERRITORIO:ES704|35003|35007|35014|35015|35017|35030|ES705|35001|35002|35005|35006|35008|35009|35011|35012|35013|35016|35019|35020|35021|35022|35023|35025|35026|35027|35031|35032|35033|ES708|35004|35010|35018|35024|35028|35029|35034|ES703|38013|38048|38901|ES706|38002|38003|38021|38036|38049|38050|ES707|38007|38008|38009|38014|38016|38024|38027|38029|38030|38033|38037|38045|38047|38053|ES709|38001|38004|38005|38006|38010|38011|38012|38015|38017|38018|38019|38020|38022|38023|38025|38026|38028|38031|38032|38034|38035|38038|38039|38040|38041|38042|38043|38044|38046|38051|38052&lang=es;autonomicas;0
autonomicas_2011;json;https://datos.canarias.es/api/estadisticas/statistical-resources/v1.0/datasets/ISTAC/C00010A_000004/~latest.json?dim=TERRITORIO:ES704|35003|35007|35014|35015|35017|35030|ES705|35001|35002|35005|35006|35008|35009|35011|35012|35013|35016|35019|35020|35021|35022|35023|35025|35026|35027|35031|35032|35033|ES708|35004|35010|35018|35024|35028|35029|35034|ES703|38013|38048|38901|ES706|38002|38003|38021|38036|38049|38050|ES707|38007|38008|38009|38014|38016|38024|38027|38029|38030|38033|38037|38045|38047|38053|ES709|38001|38004|38005|38006|38010|38011|38012|38015|38017|38018|38019|38020|38022|38023|38025|38026|38028|38031|38032|38034|38035|38038|38039|38040|38041|38042|38043|38044|38046|38051|38052:MEDIDAS:VOTOS_VALIDOS_CANDIDATURA|RATIO_VOTOS_CANDIDATURA&lang=es;autonomicas;0
autonomicas_2007;json;https://datos.canarias.es/api/estadisticas/statistical-resources/v1.0/datasets/ISTAC/C00010A_000021/~latest.json?dim=MEDIDAS:VOTOS_VALIDOS_CANDIDATURA|RATIO_VOTOS_CANDIDATURA:TERRITORIO:ES704|35003|35007|35014|35015|35017|35030|ES705|35001|35002|35005|35006|35008|35009|35011|35012|35013|35016|35019|35020|35021|35022|35023|35025|35026|35027|35031|35032|35033|ES708|35004|35010|35018|35024|35028|35029|35034|ES703|38013|38048|ES706|38002|38003|38021|38036|38049|38050|ES707|38007|38008|38009|38014|38016|38024|38027|38029|38030|38033|38037|38045|38047|38053|ES709|38001|38004|38005|38006|38010|38011|38012|38015|38017|38018|38019|38020|38022|38023|38025|38026|38028|38031|38032|38034|38035|38038|38039|38040|38041|38042|38043|38044|38046|38051|38052&lang=es;autonomicas;0
cabildo_2019;json;https://datos.canarias.es/api/estadisticas/statistical-resources/v1.0/datasets/ISTAC/C00010A_000029/~latest.json?dim=TERRITORIO:ES708|35004|35010|35018|35024|35028|35029|35034|ES704|35003|35007|35014|35015|35017|35030|ES705|35001|35002|35005|35006|35008|35009|35011|35012|35013|35016|35019|35020|35021|35022|35023|35025|35026|35027|35031|35032|35033|ES709|38001|38004|38005|38006|38010|38011|38012|38015|38017|38018|38019|38020|38022|38023|38025|38026|38028|38031|38032|38034|38035|38038|38039|38040|38041|38042|38043|38044|38046|38051|38052|ES706|38002|38003|38021|38036|38049|38050|ES707|38007|38008|38009|38014|38016|38024|38027|38029|38030|38033|38037|38045|38047|38053|ES703|38013_2007|38048|38901:MEDIDAS:VOTOS_VALIDOS_CANDIDATURA|RATIO_VOTOS_CANDIDATURA&lang=es;cabildo;0
cabildo_2015;json;https://datos.canarias.es/api/estadisticas/statistical-resources/v1.0/datasets/ISTAC/C00010A_000012/~latest.json?dim=MEDIDAS:VOTOS_VALIDOS_CANDIDATURA|RATIO_VOTOS_CANDIDATURA:TERRITORIO:ES704|35003|35007|35014|35015|35017|35030|ES705|35001|35002|35005|35006|35008|35009|35011|35012|35013|35016|35019|35020|35021|35022|35023|35025|35026|35027|35031|35032|35033|ES708|35004|35010|35018|35024|35028|35029|35034|ES703|38013|38048|38901|ES706|38002|38003|38021|38036|38049|38050|ES707|38007|38008|38009|38014|38016|38024|38027|38029|38030|38033|38037|38045|38047|38053|ES709|38001|38004|38005|38006|38010|38011|38012|38015|38017|38018|38019|38020|38022|38023|38025|38026|38028|38031|38032|38034|38035|38038|38039|38040|38041|38042|38043|38044|38046|38051|38052&lang=es;cabildo;0
cabildo_2011;json;https://datos.canarias.es/api/estadisticas/statistical-resources/v1.0/datasets/ISTAC/C00010A_000003/~latest.json?dim=MEDIDAS:VOTOS_VALIDOS_CANDIDATURA|RATIO_VOTOS_CANDIDATURA:TERRITORIO:ES704|35003|35007|35014|35015|35017|35030|ES705|35001|35002|35005|35006|35008|35009|35011|35012|35013|35016|35019|35020|35021|35022|35023|35025|35026|35027|35031|35032|35033|ES708|35004|35010|35018|35024|35028|35029|35034|ES703|38013|38048|38901|ES706|38002|38003|38021|38036|38049|38050|ES707|38007|38008|38009|38014|38016|38024|38027|38029|38030|38033|38037|38045|38047|38053|ES709|38001|38004|38005|38006|38010|38011|38012|38015|38017|38018|38019|38020|38022|38023|38025|38026|38028|38031|38032|38034|38035|38038|38039|38040|38041|38042|38043|38044|38046|38051|38052&lang=es;cabildo;0
cabildo_2007;json;https://datos.canarias.es/api/estadisticas/statistical-resources/v1.0/datasets/ISTAC/C00010A_000023/~latest.json?dim=MEDIDAS:VOTOS_VALIDOS_CANDIDATURA|RATIO_VOTOS_CANDIDATURA:TERRITORIO:ES704|35003|35007|35014|35015|35017|35030|ES705|35001|35002|35005|35006|35008|35009|35011|35012|35013|35016|35019|35020|35021|35022|35023|35025|35026|35027|35031|35032|35033|ES708|35004|35010|35018|35024|35028|35029|35034|ES703|38013|38048|ES706|38002|38003|38021|38036|38049|38050|ES707|38007|38008|38009|38014|38016|38024|38027|38029|38030|38033|38037|38045|38047|38053|ES709|38001|38004|38005|38006|38010|38011|38012|38015|38017|38018|38019|38020|38022|38023|38025|38026|38028|38031|38032|38034|38035|38038|38039|38040|38041|38042|38043|38044|38046|38051|38052&lang=es;cabildo;0
municipales_2019;json;https://datos.canarias.es/api/estadisticas/statistical-resources/v1.0/datasets/ISTAC/C00010A_000032/~latest.json?dim=TERRITORIO:35004|35010|35018|35024|35028|35029|35034|35003|35007|35014|35015|35017|35030|35001|35002|35005|35006|35008|35009|35011|35012|35013|35016|35019|35020|35021|35022|35023|35025|35026|35027|35031|35032|35033|38001|38004|38005|38006|38010|38011|38012|38015|38017|38018|38019|38020|38022|38023|38025|38026|38028|38031|38032|38034|38035|38038|38039|38040|38041|38042|38043|38044|38046|38051|38052|38002|38003|38021|38036|38049|38050|38007|38008|38009|38014|38016|38024|38027|38029|38030|38033|38037|38045|38047|38053|38013_2007|38048|38901&lang=es;municipales;0
municipales_2015;json;https://datos.canarias.es/api/estadisticas/statistical-resources/v1.0/datasets/ISTAC/C00010A_000015/~latest.json?dim=TERRITORIO:35003|35007|35014|35015|35017|35030|35001|35002|35005|35006|35008|35009|35011|35012|35013|35016|35019|35020|35021|35022|35023|35025|35026|35027|35031|35032|35033|35004|35010|35018|35024|35028|35029|35034|38013|38048|38901|38002|38003|38021|38036|38049|38050|38007|38008|38009|38014|38016|38024|38027|38029|38030|38033|38037|38045|38047|38053|38001|38004|38005|38006|38010|38011|38012|38015|38017|38018|38019|38020|38022|38023|38025|38026|38028|38031|38032|38034|38035|38038|38039|38040|38041|38042|38043|38044|38046|38051|38052&lang=es;municipales;0
municipales_2011;json;https://datos.canarias.es/api/estadisticas/statistical-resources/v1.0/datasets/ISTAC/C00010A_000005/~latest.json?dim=TERRITORIO:35003|35007|35014|35015|35017|35030|35001|35002|35005|35006|35008|35009|35011|35012|35013|35016|35019|35020|35021|35022|35023|35025|35026|35027|35031|35032|35033|35004|35010|35018|35024|35028|35029|35034|38013|38048|38901|38002|38003|38021|38036|38049|38050|38007|38008|38009|38014|38016|38024|38027|38029|38030|38033|38037|38045|38047|38053|38001|38004|38005|38006|38010|38011|38012|38015|38017|38018|38019|38020|38022|38023|38025|38026|38028|38031|38032|38034|38035|38038|38039|38040|38041|38042|38043|38044|38046|38051|38052&lang=es;municipales;0
municipales_2007;json;https://datos.canarias.es/api/estadisticas/statistical-resources/v1.0/datasets/ISTAC/C00010A_000025/~latest.json?dim=TERRITORIO:35003|35007|35014|35015|35017|35030|35001|35002|35005|35006|35008|35009|35011|35012|35013|35016|35019|35020|35021|35022|35023|35025|35026|35027|35031|35032|35033|35004|35010|35018|35024|35028|35029|35034|38013|38048|38002|38003|38021|38036|38049|38050|38007|38008|38009|38014|38016|38024|38027|38029|38030|38033|38037|38045|38047|38053|38001|38004|38005|38006|38010|38011|38012|38015|38017|38018|38019|38020|38022|38023|38025|38026|38028|38031|38032|38034|38035|38038|38039|38040|38041|38042|38043|38044|38046|38051|38052&lang=es;municipales;0
participacion;json;https://datos.canarias.es/api/estadisticas/statistical-resources/v1.0/datasets/ISTAC/C00010A_000001/~latest.json?dim=TERRITORIO:35004|35010|35018|35024|35028|35029|35034|35003|35007|35014|35015|35017|35030|35001|35002|35005|35006|35008|35009|35011|35012|35013|35016|35019|35020|35021|35022|35023|35025|35026|35027|35031|35032|35033|38001|38004|38005|38006|38010|38011|38012|38015|38017|38018|38019|38020|38022|38023|38025|38026|38028|38031|38032|38034|38035|38038|38039|38040|38041|38042|38043|38044|38046|38051|38052|38002|38003|38021|38036|38049|38050|38007|38008|38009|38014|38016|38024|38027|38029|38030|38033|38037|38045|38047|38053|38013_1912|38013_2007|38048|38901&lang=es;europeas congreso senado autonomicas cabildo municipales;0
parque;json;https://datos.canarias.es/api/estadisticas/indicators/v1.0/indicators/PARQUE_VEHICULOS/data?representation=MEASURE%5BABSOLUTE%7CANNUAL_PERCENTAGE_RATE%5D&granularity=GEOGRAPHICAL%5BREGIONS%7CMUNICIPALITIES%5D%2CTIME%5BMONTHLY%5D;parque_vehiculos;0
parque_tur;json;https://datos.canarias.es/api/estadisticas/indicators/v1.0/indicators/PARQUE_VEHICULOS_TURISMOS/data?representation=MEASURE%5BABSOLUTE%7CANNUAL_PERCENTAGE_RATE%5D&granularity=GEOGRAPHICAL%5BMUNICIPALITIES%5D%2CTIME%5BMONTHLY%5D;parque_vehiculos;0
tipos;json;http://www.gobiernodecanarias.org/istac/jaxi-istac/tabla.do?accion=jsonMtd&uuidConsulta=9019908a-7837-4af4-bef0-b4cfa226cb15;parque_vehiculos;1
matr_tipos;json;http://www.gobiernodecanarias.org/istac/jaxi-istac/tabla.do?accion=jsonMtd&uuidConsulta=71de0bba-9447-4c77-8ba5-3e660f535233;parque_vehiculos;1
cultivada;json;https://datos.canarias.es/api/estadisticas/indicators/v1.0/indicators/SUPERFICIE_CULTIVO/data?representation=MEASURE%5BABSOLUTE%7CANNUAL_PERCENTAGE_RATE%5D;sector_primario;0
cultivada_secano;json;https://datos.canarias.es/api/estadisticas/indicators/v1.0/indicators/SUPERFICIE_CULTIVO_SECANO/data?representation=MEASURE%5BABSOLUTE%5D&granularity=GEOGRAPHICAL%5BMUNICIPALITIES%5D;sector_primario;0
cultivada_regadio;json;https://datos.canarias.es/api/estadisticas/indicators/v1.0/indicators/SUPERFICIE_CULTIVO_REGADIO/data?representation=MEASURE%5BABSOLUTE%5D&granularity=GEOGRAPHICAL%5BMUNICIPALITIES%5D;sector_primario;0
agr_herbaceos;json;http://www.gobiernodecanarias.org/istac/jaxi-istac/tabla.do?accion=jsonMtd&uuidConsulta=9bd9de0e-1785-4e6c-b0e5-b139106445b9;sector_primario;0
agr_le√±osos;json;http://www.gobiernodecanarias.org/istac/jaxi-istac/tabla.do?accion=jsonMtd&uuidConsulta=bba81127-8204-4fbb-8b37-4872748439df;sector_primario;0
exp_especies;json;https://datos.canarias.es/api/estadisticas/statistical-resources/v1.0/datasets/ISTAC/E01008B_000002/~latest.json?dim=TERRITORIO:ES70|35004|35010|35018|35024|35028|35029|35034|35003|35007|35014|35015|35017|35030|35001|35002|35005|35006|35008|35009|35011|35012|35013|35016|35019|35020|35021|35022|35023|35025|35026|35027|35031|35032|35033|38001|38004|38005|38006|38010|38011|38012|38015|38017|38018|38019|38020|38022|38023|38025|38026|38028|38031|38032|38034|38035|38038|38039|38040|38041|38042|38043|38044|38046|38051|38052|38002|38003|38021|38036|38049|38050|38007|38008|38009|38014|38016|38024|38027|38029|38030|38033|38037|38045|38047|38053|38013_2007|38048|38901:ESPECIE_ANIMAL:_T|1|4|3|2|16|6|18&lang=es;sector_primario;0
cab_especies;json;https://datos.canarias.es/api/estadisticas/statistical-resources/v1.0/datasets/ISTAC/E01008B_000001/~latest.json?dim=TERRITORIO:ES70|35004|35010|35018|35024|35028|35029|35034|35003|35007|35014|35015|35017|35030|35001|35002|35005|35006|35008|35009|35011|35012|35013|35016|35019|35020|35021|35022|35023|35025|35026|35027|35031|35032|35033|38001|38004|38005|38006|38010|38011|38012|38015|38017|38018|38019|38020|38022|38023|38025|38026|38028|38031|38032|38034|38035|38038|38039|38040|38041|38042|38043|38044|38046|38051|38052|38002|38003|38021|38036|38049|38050|38007|38008|38009|38014|38016|38024|38027|38029|38030|38033|38037|38045|38047|38053|38013_2007|38048|38901&lang=es;sector_primario;1
colmenas;json;https://datos.canarias.es/api/estadisticas/statistical-resources/v1.0/datasets/ISTAC/E01008B_000010/~latest.json?dim=SISTEMA_PRODUCTIVO:_T:TERRITORIO:35004|35010|35018|35024|35028|35029|35034|35003|35007|35014|35015|35017|35030|35001|35002|35005|35006|35008|35009|35011|35012|35013|35016|35019|35020|35021|35022|35023|35025|35026|35027|35031|35032|35033|38001|38004|38005|38006|38010|38011|38012|38015|38017|38018|38019|38020|38022|38023|38025|38026|38028|38031|38032|38034|38035|38038|38039|38040|38041|38042|38043|38044|38046|38051|38052|38002|38003|38021|38036|38049|38050|38007|38008|38009|38014|38016|38024|38027|38029|38030|38033|38037|38045|38047|38053|38013_2007|38048|38901&lang=es;sector_primario;1